<?xml version="1.0" encoding="UTF-8"?>
<project-private xmlns="http://www.netbeans.org/ns/project-private/1">
    <editor-bookmarks xmlns="http://www.netbeans.org/ns/editor-bookmarks/2" lastBookmarkId="0"/>
    <open-files xmlns="http://www.netbeans.org/ns/projectui-open-files/2">
        <group>
            <file>file:/C:/Users/Sharib/Downloads/hci/src/Login.java</file>
            <file>file:/C:/Users/Sharib/Downloads/hci/src/AddStudent.java</file>
            <file>file:/C:/Users/Sharib/Downloads/hci/src/Admin2.java</file>
            <file>file:/C:/Users/Sharib/Downloads/hci/src/attendance.java</file>
            <file>file:/C:/Users/Sharib/Downloads/hci/src/addAtten.java</file>
            <file>file:/C:/Users/Sharib/Downloads/hci/src/mark.java</file>
            <file>file:/C:/Users/Sharib/Downloads/hci/src/AddGpa.java</file>
            <file>file:/C:/Users/Sharib/Downloads/hci/src/AdminHome.java</file>
            <file>file:/C:/Users/Sharib/Downloads/hci/src/Admin.java</file>
            <file>file:/C:/Users/Sharib/Downloads/hci/src/remove.java</file>
            <file>file:/C:/Users/Sharib/Downloads/hci/src/Home.java</file>
            <file>file:/C:/Users/Sharib/Downloads/hci/src/AddMark.java</file>
            <file>file:/C:/Users/Sharib/Downloads/hci/src/gpa.java</file>
            <file>file:/C:/Users/Sharib/Downloads/hci/src/Student.java</file>
            <file>file:/C:/Users/Sharib/Downloads/hci/src/Student2.java</file>
        </group>
    </open-files>
</project-private>
