<?xml version="1.0" encoding="UTF-8"?>
<project-private xmlns="http://www.netbeans.org/ns/project-private/1">
    <editor-bookmarks xmlns="http://www.netbeans.org/ns/editor-bookmarks/2" lastBookmarkId="0"/>
    <open-files xmlns="http://www.netbeans.org/ns/projectui-open-files/2">
        <group>
            <file>file:/C:/Users/S/Downloads/New%20WinRAR%20ZIP%20archive/hci/src/AddStudent.java</file>
            <file>file:/C:/Users/S/Downloads/New%20WinRAR%20ZIP%20archive/hci/test/AddStudentNGTest.java</file>
            <file>file:/C:/Users/S/Downloads/New%20WinRAR%20ZIP%20archive/hci/test/LoginNGTest.java</file>
            <file>file:/C:/Users/S/Downloads/New%20WinRAR%20ZIP%20archive/hci/src/Login.java</file>
        </group>
    </open-files>
</project-private>
